{
   "scf": [
   {
   "iteration":          1,
   "energy": -0.108852971928531E+03,
   "delta_energy_SCF": -0.363983115191274E+00,
   "max_error_DIIS":  0.137587427459311E+00,
   "level_shift":  0.000000000000000E+00,
   "dim_DIIS":          1,
   "saved": true,
   "converged": false
   }, {
   "iteration":          2,
   "energy": -0.108867008045543E+03,
   "delta_energy_SCF": -0.140361170120542E-01,
   "max_error_DIIS":  0.185509818133735E-01,
   "level_shift":  0.000000000000000E+00,
   "dim_DIIS":          2,
   "saved": true,
   "converged": false
   }, {
   "iteration":          3,
   "energy": -0.108867511648539E+03,
   "delta_energy_SCF": -0.503602996275276E-03,
   "max_error_DIIS":  0.377683607459634E-02,
   "level_shift":  0.000000000000000E+00,
   "dim_DIIS":          3,
   "saved": true,
   "converged": false
   }, {
   "iteration":          4,
   "energy": -0.108867531557356E+03,
   "delta_energy_SCF": -0.199088171086714E-04,
   "max_error_DIIS":  0.275205765668913E-03,
   "level_shift":  0.000000000000000E+00,
   "dim_DIIS":          4,
   "saved": true,
   "converged": false
   }, {
   "iteration":          5,
   "energy": -0.108867531699415E+03,
   "delta_energy_SCF": -0.142059519703253E-06,
   "max_error_DIIS":  0.283597932717487E-04,
   "level_shift":  0.000000000000000E+00,
   "dim_DIIS":          5,
   "saved": true,
   "converged": false
   }, {
   "iteration":          6,
   "energy": -0.108867531700700E+03,
   "delta_energy_SCF": -0.128459021198069E-08,
   "max_error_DIIS":  0.106010440197886E-04,
   "level_shift":  0.000000000000000E+00,
   "dim_DIIS":          6,
   "saved": true,
   "converged": false
   }, {
   "iteration":          7,
   "energy": -0.108867531700801E+03,
   "delta_energy_SCF": -0.100669694802491E-09,
   "max_error_DIIS":  0.249552296189346E-05,
   "level_shift":  0.000000000000000E+00,
   "dim_DIIS":          7,
   "saved": true,
   "converged": false
   }, {
   "iteration":          8,
   "energy": -0.108867531700809E+03,
   "delta_energy_SCF": -0.873967564984923E-11,
   "max_error_DIIS":  0.840327893286036E-06,
   "level_shift":  0.000000000000000E+00,
   "dim_DIIS":          8,
   "saved": true,
   "converged": true
   }
   ]
}
