{
   "scf": [
   {
   "iteration":          1,
   "energy": -0.108852971928530E+03,
   "delta_energy_SCF": -0.363983115191218E+00,
   "max_error_DIIS":  0.137587427459321E+00,
   "level_shift":  0.000000000000000E+00,
   "dim_DIIS":          1,
   "saved": true,
   "converged": false
   }, {
   "iteration":          2,
   "energy": -0.108867008045542E+03,
   "delta_energy_SCF": -0.140361170120116E-01,
   "max_error_DIIS":  0.185509818133711E-01,
   "level_shift":  0.000000000000000E+00,
   "dim_DIIS":          2,
   "saved": true,
   "converged": false
   }, {
   "iteration":          3,
   "energy": -0.108867511648539E+03,
   "delta_energy_SCF": -0.503602996275276E-03,
   "max_error_DIIS":  0.377683607458175E-02,
   "level_shift":  0.000000000000000E+00,
   "dim_DIIS":          3,
   "saved": true,
   "converged": false
   }, {
   "iteration":          4,
   "energy": -0.108867531557356E+03,
   "delta_energy_SCF": -0.199088172649908E-04,
   "max_error_DIIS":  0.275205765668034E-03,
   "level_shift":  0.000000000000000E+00,
   "dim_DIIS":          4,
   "saved": true,
   "converged": false
   }, {
   "iteration":          5,
   "energy": -0.108867531699416E+03,
   "delta_energy_SCF": -0.142059562335817E-06,
   "max_error_DIIS":  0.283597932736661E-04,
   "level_shift":  0.000000000000000E+00,
   "dim_DIIS":          5,
   "saved": true,
   "converged": false
   }, {
   "iteration":          6,
   "energy": -0.108867531700700E+03,
   "delta_energy_SCF": -0.128454757941654E-08,
   "max_error_DIIS":  0.106010440031971E-04,
   "level_shift":  0.000000000000000E+00,
   "dim_DIIS":          6,
   "saved": true,
   "converged": false
   }, {
   "iteration":          7,
   "energy": -0.108867531700801E+03,
   "delta_energy_SCF": -0.100754959930782E-09,
   "max_error_DIIS":  0.249552296845953E-05,
   "level_shift":  0.000000000000000E+00,
   "dim_DIIS":          7,
   "saved": true,
   "converged": false
   }, {
   "iteration":          8,
   "energy": -0.108867531700810E+03,
   "delta_energy_SCF": -0.866862137627322E-11,
   "max_error_DIIS":  0.840327906274052E-06,
   "level_shift":  0.000000000000000E+00,
   "dim_DIIS":          8,
   "saved": true,
   "converged": true
   }
   ]
}
