{
   "scf": [
   {
   "iteration":          1,
   "energy": -0.759027032054011E+02,
   "delta_energy_SCF": -0.516694043299964E+00,
   "max_error_DIIS":  0.349539517653186E+00,
   "level_shift":  0.000000000000000E+00,
   "dim_DIIS":          1,
   "saved": true,
   "converged": false
   }, {
   "iteration":          2,
   "energy": -0.759671722608186E+02,
   "delta_energy_SCF": -0.644690554175895E-01,
   "max_error_DIIS":  0.140548033114454E+00,
   "level_shift":  0.000000000000000E+00,
   "dim_DIIS":          2,
   "saved": true,
   "converged": false
   }, {
   "iteration":          3,
   "energy": -0.759835349047149E+02,
   "delta_energy_SCF": -0.163626438962297E-01,
   "max_error_DIIS":  0.138264006294693E-01,
   "level_shift":  0.000000000000000E+00,
   "dim_DIIS":          3,
   "saved": true,
   "converged": false
   }, {
   "iteration":          4,
   "energy": -0.759838166643514E+02,
   "delta_energy_SCF": -0.281759636550305E-03,
   "max_error_DIIS":  0.264642889864504E-02,
   "level_shift":  0.000000000000000E+00,
   "dim_DIIS":          4,
   "saved": true,
   "converged": false
   }, {
   "iteration":          5,
   "energy": -0.759838304754969E+02,
   "delta_energy_SCF": -0.138111455214585E-04,
   "max_error_DIIS":  0.566950787733623E-03,
   "level_shift":  0.000000000000000E+00,
   "dim_DIIS":          5,
   "saved": true,
   "converged": false
   }, {
   "iteration":          6,
   "energy": -0.759838311011540E+02,
   "delta_energy_SCF": -0.625657008868075E-06,
   "max_error_DIIS":  0.465942862988673E-04,
   "level_shift":  0.000000000000000E+00,
   "dim_DIIS":          6,
   "saved": true,
   "converged": false
   }, {
   "iteration":          7,
   "energy": -0.759838311036153E+02,
   "delta_energy_SCF": -0.246136266923713E-08,
   "max_error_DIIS":  0.290929561851341E-04,
   "level_shift":  0.000000000000000E+00,
   "dim_DIIS":          7,
   "saved": true,
   "converged": false
   }, {
   "iteration":          8,
   "energy": -0.759838311039091E+02,
   "delta_energy_SCF": -0.293752577817941E-09,
   "max_error_DIIS":  0.750652689100085E-05,
   "level_shift":  0.000000000000000E+00,
   "dim_DIIS":          8,
   "saved": true,
   "converged": false
   }, {
   "iteration":          9,
   "energy": -0.759838311039598E+02,
   "delta_energy_SCF": -0.507469621879864E-10,
   "max_error_DIIS":  0.618724676559359E-05,
   "level_shift":  0.000000000000000E+00,
   "dim_DIIS":          9,
   "saved": true,
   "converged": true
   }
   ]
}
