{
 "scf" : [
   {
   "iteration":          1,
   "energy": -0.738475741406103E+02,
   "delta_energy_SCF": -0.140150788230642E-02,
   "max_error_DIIS":  0.860797323980394E-01,
   "level_shift":  0.000000000000000E+00,
   "dim_DIIS":          1,
   "saved": true,
   "converged": false
   }, {
   "iteration":          2,
   "energy": -0.738536654688471E+02,
   "delta_energy_SCF": -0.609132823673519E-02,
   "max_error_DIIS":  0.814408178205631E-02,
   "level_shift":  0.000000000000000E+00,
   "dim_DIIS":          2,
   "saved": true,
   "converged": false
   }, {
   "iteration":          3,
   "energy": -0.738537158002435E+02,
   "delta_energy_SCF": -0.503313963946539E-04,
   "max_error_DIIS":  0.907431012788190E-03,
   "level_shift":  0.000000000000000E+00,
   "dim_DIIS":          3,
   "saved": true,
   "converged": false
   }, {
   "iteration":          4,
   "energy": -0.738537166109115E+02,
   "delta_energy_SCF": -0.810668055351016E-06,
   "max_error_DIIS":  0.299288164032513E-04,
   "level_shift":  0.000000000000000E+00,
   "dim_DIIS":          4,
   "saved": true,
   "converged": false
   }, {
   "iteration":          5,
   "energy": -0.738537166115127E+02,
   "delta_energy_SCF": -0.601147576162475E-09,
   "max_error_DIIS":  0.278316484214734E-04,
   "level_shift":  0.000000000000000E+00,
   "dim_DIIS":          5,
   "saved": true,
   "converged": false
   }, {
   "iteration":          6,
   "energy": -0.738537166119258E+02,
   "delta_energy_SCF": -0.413095335716207E-09,
   "max_error_DIIS":  0.593902840100343E-04,
   "level_shift":  0.500000000000000E+00,
   "dim_DIIS":          0,
   "saved": true,
   "converged": false
   }, {
   "iteration":          7,
   "energy": -0.738537166123005E+02,
   "delta_energy_SCF": -0.374740238839877E-09,
   "max_error_DIIS":  0.808688751755670E-05,
   "level_shift":  0.250000000000000E+00,
   "dim_DIIS":          1,
   "saved": true,
   "converged": false
   }, {
   "iteration":          8,
   "energy": -0.738537166123429E+02,
   "delta_energy_SCF": -0.424051904701628E-10,
   "max_error_DIIS":  0.807477743328686E-05,
   "level_shift":  0.125000000000000E+00,
   "dim_DIIS":          2,
   "saved": true,
   "converged": true
   }
 ]
}
