{
   "scf": [
   {
   "iteration":          1,
   "energy": -0.753446178853354E+02,
   "delta_energy_SCF": -0.868808682952007E+00,
   "max_error_DIIS":  0.145729271591544E+00,
   "level_shift":  0.000000000000000E+00,
   "dim_DIIS":          1,
   "saved": true,
   "converged": false
   }, {
   "iteration":          2,
   "energy": -0.753859173211805E+02,
   "delta_energy_SCF": -0.412994358451328E-01,
   "max_error_DIIS":  0.331023777366126E-01,
   "level_shift":  0.000000000000000E+00,
   "dim_DIIS":          2,
   "saved": true,
   "converged": false
   }, {
   "iteration":          3,
   "energy": -0.753869747668505E+02,
   "delta_energy_SCF": -0.105744566991461E-02,
   "max_error_DIIS":  0.827425868920988E-02,
   "level_shift":  0.000000000000000E+00,
   "dim_DIIS":          3,
   "saved": true,
   "converged": false
   }, {
   "iteration":          4,
   "energy": -0.753870479046202E+02,
   "delta_energy_SCF": -0.731377697462676E-04,
   "max_error_DIIS":  0.990570050243274E-03,
   "level_shift":  0.000000000000000E+00,
   "dim_DIIS":          4,
   "saved": true,
   "converged": false
   }, {
   "iteration":          5,
   "energy": -0.753870489143254E+02,
   "delta_energy_SCF": -0.100970515859444E-05,
   "max_error_DIIS":  0.236754919531113E-03,
   "level_shift":  0.000000000000000E+00,
   "dim_DIIS":          5,
   "saved": true,
   "converged": false
   }, {
   "iteration":          6,
   "energy": -0.753870489703700E+02,
   "delta_energy_SCF": -0.560446551389759E-07,
   "max_error_DIIS":  0.231003252721739E-03,
   "level_shift":  0.500000000000000E+00,
   "dim_DIIS":          0,
   "saved": true,
   "converged": false
   }, {
   "iteration":          7,
   "energy": -0.753870489912497E+02,
   "delta_energy_SCF": -0.208796961942426E-07,
   "max_error_DIIS":  0.105666689381093E-03,
   "level_shift":  0.250000000000000E+00,
   "dim_DIIS":          1,
   "saved": true,
   "converged": false
   }, {
   "iteration":          8,
   "energy": -0.753870490022641E+02,
   "delta_energy_SCF": -0.110143645315475E-07,
   "max_error_DIIS":  0.625266044043073E-04,
   "level_shift":  0.125000000000000E+00,
   "dim_DIIS":          2,
   "saved": true,
   "converged": false
   }, {
   "iteration":          9,
   "energy": -0.753870490064793E+02,
   "delta_energy_SCF": -0.421518109305907E-08,
   "max_error_DIIS":  0.325569417515801E-04,
   "level_shift":  0.625000000000000E-01,
   "dim_DIIS":          3,
   "saved": true,
   "converged": false
   }, {
   "iteration":         10,
   "energy": -0.753870490076724E+02,
   "delta_energy_SCF": -0.119318599445251E-08,
   "max_error_DIIS":  0.154693810339513E-04,
   "level_shift":  0.312500000000000E-01,
   "dim_DIIS":          4,
   "saved": true,
   "converged": false
   }, {
   "iteration":         11,
   "energy": -0.753870490079428E+02,
   "delta_energy_SCF": -0.270333089247288E-09,
   "max_error_DIIS":  0.691257710430149E-05,
   "level_shift":  0.156250000000000E-01,
   "dim_DIIS":          5,
   "saved": true,
   "converged": false
   }, {
   "iteration":         12,
   "energy": -0.753870490079964E+02,
   "delta_energy_SCF": -0.536317656951724E-10,
   "max_error_DIIS":  0.298658075718689E-05,
   "level_shift":  0.781250000000000E-02,
   "dim_DIIS":          6,
   "saved": true,
   "converged": true
   }
   ]
}
