{
   "scf": [
   {
   "iteration":          1,
   "energy": -0.753446178853355E+02,
   "delta_energy_SCF": -0.868808682952121E+00,
   "max_error_DIIS":  0.145729271725364E+00,
   "level_shift":  0.000000000000000E+00,
   "dim_DIIS":          1,
   "saved": true,
   "converged": false
   }, {
   "iteration":          2,
   "energy": -0.753859173211807E+02,
   "delta_energy_SCF": -0.412994358451328E-01,
   "max_error_DIIS":  0.331023777366155E-01,
   "level_shift":  0.000000000000000E+00,
   "dim_DIIS":          2,
   "saved": true,
   "converged": false
   }, {
   "iteration":          3,
   "energy": -0.753869747668506E+02,
   "delta_energy_SCF": -0.105744566990040E-02,
   "max_error_DIIS":  0.827425868922494E-02,
   "level_shift":  0.000000000000000E+00,
   "dim_DIIS":          3,
   "saved": true,
   "converged": false
   }, {
   "iteration":          4,
   "energy": -0.753870479046202E+02,
   "delta_energy_SCF": -0.731377696894242E-04,
   "max_error_DIIS":  0.990570050233737E-03,
   "level_shift":  0.000000000000000E+00,
   "dim_DIIS":          4,
   "saved": true,
   "converged": false
   }, {
   "iteration":          5,
   "energy": -0.753870489143254E+02,
   "delta_energy_SCF": -0.100970515859444E-05,
   "max_error_DIIS":  0.236754919708000E-03,
   "level_shift":  0.000000000000000E+00,
   "dim_DIIS":          5,
   "saved": true,
   "converged": false
   }, {
   "iteration":          6,
   "energy": -0.753870489703700E+02,
   "delta_energy_SCF": -0.560445840847024E-07,
   "max_error_DIIS":  0.231003252891755E-03,
   "level_shift":  0.500000000000000E+00,
   "dim_DIIS":          0,
   "saved": true,
   "converged": false
   }, {
   "iteration":          7,
   "energy": -0.753870489912496E+02,
   "delta_energy_SCF": -0.208795967182596E-07,
   "max_error_DIIS":  0.105666689377935E-03,
   "level_shift":  0.250000000000000E+00,
   "dim_DIIS":          1,
   "saved": true,
   "converged": false
   }, {
   "iteration":          8,
   "energy": -0.753870490022640E+02,
   "delta_energy_SCF": -0.110144640075305E-07,
   "max_error_DIIS":  0.625266044029333E-04,
   "level_shift":  0.125000000000000E+00,
   "dim_DIIS":          2,
   "saved": true,
   "converged": false
   }, {
   "iteration":          9,
   "energy": -0.753870490064791E+02,
   "delta_energy_SCF": -0.421509582793078E-08,
   "max_error_DIIS":  0.325569417546220E-04,
   "level_shift":  0.625000000000000E-01,
   "dim_DIIS":          3,
   "saved": true,
   "converged": false
   }, {
   "iteration":         10,
   "energy": -0.753870490076723E+02,
   "delta_energy_SCF": -0.119317178359779E-08,
   "max_error_DIIS":  0.154693810529894E-04,
   "level_shift":  0.312500000000000E-01,
   "dim_DIIS":          4,
   "saved": true,
   "converged": false
   }, {
   "iteration":         11,
   "energy": -0.753870490079427E+02,
   "delta_energy_SCF": -0.270361510956718E-09,
   "max_error_DIIS":  0.691257710632251E-05,
   "level_shift":  0.156250000000000E-01,
   "dim_DIIS":          5,
   "saved": true,
   "converged": false
   }, {
   "iteration":         12,
   "energy": -0.753870490079964E+02,
   "delta_energy_SCF": -0.537028199687484E-10,
   "max_error_DIIS":  0.298658074937775E-05,
   "level_shift":  0.781250000000000E-02,
   "dim_DIIS":          6,
   "saved": true,
   "converged": true
   }
   ]
}
