{
   "scf": [
   {
   "iteration":          1,
   "energy": -0.753446178853355E+02,
   "delta_energy_SCF": -0.868808682952093E+00,
   "max_error_DIIS":  0.145729271122407E+00,
   "level_shift":  0.000000000000000E+00,
   "dim_DIIS":          1,
   "saved": true,
   "converged": false
   }, {
   "iteration":          2,
   "energy": -0.753859173211806E+02,
   "delta_energy_SCF": -0.412994358450902E-01,
   "max_error_DIIS":  0.331023777366358E-01,
   "level_shift":  0.000000000000000E+00,
   "dim_DIIS":          2,
   "saved": true,
   "converged": false
   }, {
   "iteration":          3,
   "energy": -0.753869747668504E+02,
   "delta_energy_SCF": -0.105744566981514E-02,
   "max_error_DIIS":  0.827425868925742E-02,
   "level_shift":  0.000000000000000E+00,
   "dim_DIIS":          3,
   "saved": true,
   "converged": false
   }, {
   "iteration":          4,
   "energy": -0.753870479046202E+02,
   "delta_energy_SCF": -0.731377697746893E-04,
   "max_error_DIIS":  0.990570050223887E-03,
   "level_shift":  0.000000000000000E+00,
   "dim_DIIS":          4,
   "saved": true,
   "converged": false
   }, {
   "iteration":          5,
   "energy": -0.753870489143254E+02,
   "delta_energy_SCF": -0.100970522964872E-05,
   "max_error_DIIS":  0.236754919626359E-03,
   "level_shift":  0.000000000000000E+00,
   "dim_DIIS":          5,
   "saved": true,
   "converged": false
   }, {
   "iteration":          6,
   "energy": -0.753870489703701E+02,
   "delta_energy_SCF": -0.560446125064118E-07,
   "max_error_DIIS":  0.231003252727585E-03,
   "level_shift":  0.500000000000000E+00,
   "dim_DIIS":          0,
   "saved": true,
   "converged": false
   }, {
   "iteration":          7,
   "energy": -0.753870489912497E+02,
   "delta_energy_SCF": -0.208796819833879E-07,
   "max_error_DIIS":  0.105666689374429E-03,
   "level_shift":  0.250000000000000E+00,
   "dim_DIIS":          1,
   "saved": true,
   "converged": false
   }, {
   "iteration":          8,
   "energy": -0.753870490022641E+02,
   "delta_energy_SCF": -0.110143361098380E-07,
   "max_error_DIIS":  0.625266044128776E-04,
   "level_shift":  0.125000000000000E+00,
   "dim_DIIS":          2,
   "saved": true,
   "converged": false
   }, {
   "iteration":          9,
   "energy": -0.753870490064792E+02,
   "delta_energy_SCF": -0.421512424964021E-08,
   "max_error_DIIS":  0.325569417460779E-04,
   "level_shift":  0.625000000000000E-01,
   "dim_DIIS":          3,
   "saved": true,
   "converged": false
   }, {
   "iteration":         10,
   "energy": -0.753870490076725E+02,
   "delta_energy_SCF": -0.119327125958080E-08,
   "max_error_DIIS":  0.154693810460836E-04,
   "level_shift":  0.312500000000000E-01,
   "dim_DIIS":          4,
   "saved": true,
   "converged": false
   }, {
   "iteration":         11,
   "energy": -0.753870490079429E+02,
   "delta_energy_SCF": -0.270404143520864E-09,
   "max_error_DIIS":  0.691257711019651E-05,
   "level_shift":  0.156250000000000E-01,
   "dim_DIIS":          5,
   "saved": true,
   "converged": false
   }, {
   "iteration":         12,
   "energy": -0.753870490079965E+02,
   "delta_energy_SCF": -0.536459765498876E-10,
   "max_error_DIIS":  0.298658075870404E-05,
   "level_shift":  0.781250000000000E-02,
   "dim_DIIS":          6,
   "saved": true,
   "converged": true
   }
   ]
}
