{
   "scf": [
   {
   "iteration":          1,
   "energy": -0.753446178853355E+02,
   "delta_energy_SCF": -0.868808682952150E+00,
   "max_error_DIIS":  0.145729274285294E+00,
   "level_shift":  0.000000000000000E+00,
   "dim_DIIS":          1,
   "saved": true,
   "converged": false
   }, {
   "iteration":          2,
   "energy": -0.753859173211806E+02,
   "delta_energy_SCF": -0.412994358451044E-01,
   "max_error_DIIS":  0.331023777366145E-01,
   "level_shift":  0.000000000000000E+00,
   "dim_DIIS":          2,
   "saved": true,
   "converged": false
   }, {
   "iteration":          3,
   "energy": -0.753869747668505E+02,
   "delta_energy_SCF": -0.105744566988619E-02,
   "max_error_DIIS":  0.827425868928313E-02,
   "level_shift":  0.000000000000000E+00,
   "dim_DIIS":          3,
   "saved": true,
   "converged": false
   }, {
   "iteration":          4,
   "energy": -0.753870479046202E+02,
   "delta_energy_SCF": -0.731377697462676E-04,
   "max_error_DIIS":  0.990570050230562E-03,
   "level_shift":  0.000000000000000E+00,
   "dim_DIIS":          4,
   "saved": true,
   "converged": false
   }, {
   "iteration":          5,
   "energy": -0.753870489143255E+02,
   "delta_energy_SCF": -0.100970524385957E-05,
   "max_error_DIIS":  0.236754919680603E-03,
   "level_shift":  0.000000000000000E+00,
   "dim_DIIS":          5,
   "saved": true,
   "converged": false
   }, {
   "iteration":          6,
   "energy": -0.753870489703701E+02,
   "delta_energy_SCF": -0.560446125064118E-07,
   "max_error_DIIS":  0.231003252760861E-03,
   "level_shift":  0.500000000000000E+00,
   "dim_DIIS":          0,
   "saved": true,
   "converged": false
   }, {
   "iteration":          7,
   "energy": -0.753870489912496E+02,
   "delta_energy_SCF": -0.208795398748407E-07,
   "max_error_DIIS":  0.105666689385614E-03,
   "level_shift":  0.250000000000000E+00,
   "dim_DIIS":          1,
   "saved": true,
   "converged": false
   }, {
   "iteration":          8,
   "energy": -0.753870490022641E+02,
   "delta_energy_SCF": -0.110144924292399E-07,
   "max_error_DIIS":  0.625266044085342E-04,
   "level_shift":  0.125000000000000E+00,
   "dim_DIIS":          2,
   "saved": true,
   "converged": false
   }, {
   "iteration":          9,
   "energy": -0.753870490064793E+02,
   "delta_energy_SCF": -0.421516688220436E-08,
   "max_error_DIIS":  0.325569417376336E-04,
   "level_shift":  0.625000000000000E-01,
   "dim_DIIS":          3,
   "saved": true,
   "converged": false
   }, {
   "iteration":         10,
   "energy": -0.753870490076724E+02,
   "delta_energy_SCF": -0.119312915103365E-08,
   "max_error_DIIS":  0.154693810361183E-04,
   "level_shift":  0.312500000000000E-01,
   "dim_DIIS":          4,
   "saved": true,
   "converged": false
   }, {
   "iteration":         11,
   "energy": -0.753870490079428E+02,
   "delta_energy_SCF": -0.270446776085009E-09,
   "max_error_DIIS":  0.691257711197873E-05,
   "level_shift":  0.156250000000000E-01,
   "dim_DIIS":          5,
   "saved": true,
   "converged": false
   }, {
   "iteration":         12,
   "energy": -0.753870490079964E+02,
   "delta_energy_SCF": -0.535465005668812E-10,
   "max_error_DIIS":  0.298658075482575E-05,
   "level_shift":  0.781250000000000E-02,
   "dim_DIIS":          6,
   "saved": true,
   "converged": true
   }
   ]
}
