{
   "scf": [
   {
   "iteration":          1,
   "energy": -0.753446178853355E+02,
   "delta_energy_SCF": -0.868808682952050E+00,
   "max_error_DIIS":  0.145729272253396E+00,
   "level_shift":  0.000000000000000E+00,
   "dim_DIIS":          1,
   "saved": true,
   "converged": false
   }, {
   "iteration":          2,
   "energy": -0.753859173211805E+02,
   "delta_energy_SCF": -0.412994358450760E-01,
   "max_error_DIIS":  0.331023777365647E-01,
   "level_shift":  0.000000000000000E+00,
   "dim_DIIS":          2,
   "saved": true,
   "converged": false
   }, {
   "iteration":          3,
   "energy": -0.753869747668504E+02,
   "delta_energy_SCF": -0.105744566984356E-02,
   "max_error_DIIS":  0.827425868927503E-02,
   "level_shift":  0.000000000000000E+00,
   "dim_DIIS":          3,
   "saved": true,
   "converged": false
   }, {
   "iteration":          4,
   "energy": -0.753870479046202E+02,
   "delta_energy_SCF": -0.731377698031110E-04,
   "max_error_DIIS":  0.990570050235867E-03,
   "level_shift":  0.000000000000000E+00,
   "dim_DIIS":          4,
   "saved": true,
   "converged": false
   }, {
   "iteration":          5,
   "energy": -0.753870489143253E+02,
   "delta_energy_SCF": -0.100970514438359E-05,
   "max_error_DIIS":  0.236754919741419E-03,
   "level_shift":  0.000000000000000E+00,
   "dim_DIIS":          5,
   "saved": true,
   "converged": false
   }, {
   "iteration":          6,
   "energy": -0.753870489703699E+02,
   "delta_energy_SCF": -0.560445840847024E-07,
   "max_error_DIIS":  0.231003252931172E-03,
   "level_shift":  0.500000000000000E+00,
   "dim_DIIS":          0,
   "saved": true,
   "converged": false
   }, {
   "iteration":          7,
   "energy": -0.753870489912495E+02,
   "delta_energy_SCF": -0.208795825074048E-07,
   "max_error_DIIS":  0.105666689357390E-03,
   "level_shift":  0.250000000000000E+00,
   "dim_DIIS":          1,
   "saved": true,
   "converged": false
   }, {
   "iteration":          8,
   "energy": -0.753870490022639E+02,
   "delta_energy_SCF": -0.110143929532569E-07,
   "max_error_DIIS":  0.625266044059157E-04,
   "level_shift":  0.125000000000000E+00,
   "dim_DIIS":          2,
   "saved": true,
   "converged": false
   }, {
   "iteration":          9,
   "energy": -0.753870490064791E+02,
   "delta_energy_SCF": -0.421518109305907E-08,
   "max_error_DIIS":  0.325569417363108E-04,
   "level_shift":  0.625000000000000E-01,
   "dim_DIIS":          3,
   "saved": true,
   "converged": false
   }, {
   "iteration":         10,
   "energy": -0.753870490076723E+02,
   "delta_energy_SCF": -0.119321441616194E-08,
   "max_error_DIIS":  0.154693810479891E-04,
   "level_shift":  0.312500000000000E-01,
   "dim_DIIS":          4,
   "saved": true,
   "converged": false
   }, {
   "iteration":         11,
   "energy": -0.753870490079426E+02,
   "delta_energy_SCF": -0.270333089247288E-09,
   "max_error_DIIS":  0.691257710855482E-05,
   "level_shift":  0.156250000000000E-01,
   "dim_DIIS":          5,
   "saved": true,
   "converged": false
   }, {
   "iteration":         12,
   "energy": -0.753870490079962E+02,
   "delta_energy_SCF": -0.536033439857420E-10,
   "max_error_DIIS":  0.298658075324921E-05,
   "level_shift":  0.781250000000000E-02,
   "dim_DIIS":          6,
   "saved": true,
   "converged": true
   }
   ]
}
