{
   "scf": [
   {
   "iteration":          1,
   "energy": -0.753446178853354E+02,
   "delta_energy_SCF": -0.868808682952078E+00,
   "max_error_DIIS":  0.145729274166579E+00,
   "level_shift":  0.000000000000000E+00,
   "dim_DIIS":          1,
   "saved": true,
   "converged": false
   }, {
   "iteration":          2,
   "energy": -0.753859173211805E+02,
   "delta_energy_SCF": -0.412994358451328E-01,
   "max_error_DIIS":  0.331023777365449E-01,
   "level_shift":  0.000000000000000E+00,
   "dim_DIIS":          2,
   "saved": true,
   "converged": false
   }, {
   "iteration":          3,
   "energy": -0.753869747668503E+02,
   "delta_energy_SCF": -0.105744566980093E-02,
   "max_error_DIIS":  0.827425868931605E-02,
   "level_shift":  0.000000000000000E+00,
   "dim_DIIS":          3,
   "saved": true,
   "converged": false
   }, {
   "iteration":          4,
   "energy": -0.753870479046201E+02,
   "delta_energy_SCF": -0.731377697889002E-04,
   "max_error_DIIS":  0.990570050218396E-03,
   "level_shift":  0.000000000000000E+00,
   "dim_DIIS":          4,
   "saved": true,
   "converged": false
   }, {
   "iteration":          5,
   "energy": -0.753870489143254E+02,
   "delta_energy_SCF": -0.100970522964872E-05,
   "max_error_DIIS":  0.236754919564128E-03,
   "level_shift":  0.000000000000000E+00,
   "dim_DIIS":          5,
   "saved": true,
   "converged": false
   }, {
   "iteration":          6,
   "energy": -0.753870489703699E+02,
   "delta_energy_SCF": -0.560444988195741E-07,
   "max_error_DIIS":  0.231003252746295E-03,
   "level_shift":  0.500000000000000E+00,
   "dim_DIIS":          0,
   "saved": true,
   "converged": false
   }, {
   "iteration":          7,
   "energy": -0.753870489912495E+02,
   "delta_energy_SCF": -0.208796819833879E-07,
   "max_error_DIIS":  0.105666689346963E-03,
   "level_shift":  0.250000000000000E+00,
   "dim_DIIS":          1,
   "saved": true,
   "converged": false
   }, {
   "iteration":          8,
   "energy": -0.753870490022639E+02,
   "delta_energy_SCF": -0.110143361098380E-07,
   "max_error_DIIS":  0.625266043872622E-04,
   "level_shift":  0.125000000000000E+00,
   "dim_DIIS":          2,
   "saved": true,
   "converged": false
   }, {
   "iteration":          9,
   "energy": -0.753870490064790E+02,
   "delta_energy_SCF": -0.421512424964021E-08,
   "max_error_DIIS":  0.325569417406238E-04,
   "level_shift":  0.625000000000000E-01,
   "dim_DIIS":          3,
   "saved": true,
   "converged": false
   }, {
   "iteration":         10,
   "energy": -0.753870490076722E+02,
   "delta_energy_SCF": -0.119320020530722E-08,
   "max_error_DIIS":  0.154693810540337E-04,
   "level_shift":  0.312500000000000E-01,
   "dim_DIIS":          4,
   "saved": true,
   "converged": false
   }, {
   "iteration":         11,
   "energy": -0.753870490079426E+02,
   "delta_energy_SCF": -0.270404143520864E-09,
   "max_error_DIIS":  0.691257710664293E-05,
   "level_shift":  0.156250000000000E-01,
   "dim_DIIS":          5,
   "saved": true,
   "converged": false
   }, {
   "iteration":         12,
   "energy": -0.753870490079962E+02,
   "delta_energy_SCF": -0.535891331310268E-10,
   "max_error_DIIS":  0.298658075831206E-05,
   "level_shift":  0.781250000000000E-02,
   "dim_DIIS":          6,
   "saved": true,
   "converged": true
   }
   ]
}
