{
   "scf": [
   {
   "iteration":          1,
   "energy": -0.753446178853354E+02,
   "delta_energy_SCF": -0.868808682952007E+00,
   "max_error_DIIS":  0.145729271591545E+00,
   "level_shift":  0.000000000000000E+00,
   "dim_DIIS":          1,
   "saved": true,
   "converged": false
   }, {
   "iteration":          2,
   "energy": -0.753859173211806E+02,
   "delta_energy_SCF": -0.412994358451755E-01,
   "max_error_DIIS":  0.331023777366142E-01,
   "level_shift":  0.000000000000000E+00,
   "dim_DIIS":          2,
   "saved": true,
   "converged": false
   }, {
   "iteration":          3,
   "energy": -0.753869747668506E+02,
   "delta_energy_SCF": -0.105744566997146E-02,
   "max_error_DIIS":  0.827425868922870E-02,
   "level_shift":  0.000000000000000E+00,
   "dim_DIIS":          3,
   "saved": true,
   "converged": false
   }, {
   "iteration":          4,
   "energy": -0.753870479046203E+02,
   "delta_energy_SCF": -0.731377697178459E-04,
   "max_error_DIIS":  0.990570050242416E-03,
   "level_shift":  0.000000000000000E+00,
   "dim_DIIS":          4,
   "saved": true,
   "converged": false
   }, {
   "iteration":          5,
   "energy": -0.753870489143254E+02,
   "delta_energy_SCF": -0.100970517280530E-05,
   "max_error_DIIS":  0.236754919757822E-03,
   "level_shift":  0.000000000000000E+00,
   "dim_DIIS":          5,
   "saved": true,
   "converged": false
   }, {
   "iteration":          6,
   "energy": -0.753870489703700E+02,
   "delta_energy_SCF": -0.560445556629929E-07,
   "max_error_DIIS":  0.231003252871767E-03,
   "level_shift":  0.500000000000000E+00,
   "dim_DIIS":          0,
   "saved": true,
   "converged": false
   }, {
   "iteration":          7,
   "energy": -0.753870489912497E+02,
   "delta_energy_SCF": -0.208796535616784E-07,
   "max_error_DIIS":  0.105666689363311E-03,
   "level_shift":  0.250000000000000E+00,
   "dim_DIIS":          1,
   "saved": true,
   "converged": false
   }, {
   "iteration":          8,
   "energy": -0.753870490022640E+02,
   "delta_energy_SCF": -0.110143503206928E-07,
   "max_error_DIIS":  0.625266044011226E-04,
   "level_shift":  0.125000000000000E+00,
   "dim_DIIS":          2,
   "saved": true,
   "converged": false
   }, {
   "iteration":          9,
   "energy": -0.753870490064792E+02,
   "delta_energy_SCF": -0.421516688220436E-08,
   "max_error_DIIS":  0.325569417428105E-04,
   "level_shift":  0.625000000000000E-01,
   "dim_DIIS":          3,
   "saved": true,
   "converged": false
   }, {
   "iteration":         10,
   "energy": -0.753870490076724E+02,
   "delta_energy_SCF": -0.119318599445251E-08,
   "max_error_DIIS":  0.154693810387319E-04,
   "level_shift":  0.312500000000000E-01,
   "dim_DIIS":          4,
   "saved": true,
   "converged": false
   }, {
   "iteration":         11,
   "energy": -0.753870490079427E+02,
   "delta_energy_SCF": -0.270361510956718E-09,
   "max_error_DIIS":  0.691257711575138E-05,
   "level_shift":  0.156250000000000E-01,
   "dim_DIIS":          5,
   "saved": true,
   "converged": false
   }, {
   "iteration":         12,
   "energy": -0.753870490079963E+02,
   "delta_energy_SCF": -0.535749222763116E-10,
   "max_error_DIIS":  0.298658075759850E-05,
   "level_shift":  0.781250000000000E-02,
   "dim_DIIS":          6,
   "saved": true,
   "converged": true
   }
   ]
}
