{
   "scf": [
   {
   "iteration":          1,
   "energy": -0.753446178853354E+02,
   "delta_energy_SCF": -0.868808682952007E+00,
   "max_error_DIIS":  0.145729271591544E+00,
   "level_shift":  0.000000000000000E+00,
   "dim_DIIS":          1,
   "saved": true,
   "converged": false
   }, {
   "iteration":          2,
   "energy": -0.753859173211806E+02,
   "delta_energy_SCF": -0.412994358451755E-01,
   "max_error_DIIS":  0.331023777366113E-01,
   "level_shift":  0.000000000000000E+00,
   "dim_DIIS":          2,
   "saved": true,
   "converged": false
   }, {
   "iteration":          3,
   "energy": -0.753869747668505E+02,
   "delta_energy_SCF": -0.105744566991461E-02,
   "max_error_DIIS":  0.827425868922365E-02,
   "level_shift":  0.000000000000000E+00,
   "dim_DIIS":          3,
   "saved": true,
   "converged": false
   }, {
   "iteration":          4,
   "energy": -0.753870479046203E+02,
   "delta_energy_SCF": -0.731377697604785E-04,
   "max_error_DIIS":  0.990570050261202E-03,
   "level_shift":  0.000000000000000E+00,
   "dim_DIIS":          4,
   "saved": true,
   "converged": false
   }, {
   "iteration":          5,
   "energy": -0.753870489143254E+02,
   "delta_energy_SCF": -0.100970510175102E-05,
   "max_error_DIIS":  0.236754919770397E-03,
   "level_shift":  0.000000000000000E+00,
   "dim_DIIS":          5,
   "saved": true,
   "converged": false
   }, {
   "iteration":          6,
   "energy": -0.753870489703699E+02,
   "delta_energy_SCF": -0.560445414521382E-07,
   "max_error_DIIS":  0.231003252942124E-03,
   "level_shift":  0.500000000000000E+00,
   "dim_DIIS":          0,
   "saved": true,
   "converged": false
   }, {
   "iteration":          7,
   "energy": -0.753870489912496E+02,
   "delta_energy_SCF": -0.208796535616784E-07,
   "max_error_DIIS":  0.105666689360247E-03,
   "level_shift":  0.250000000000000E+00,
   "dim_DIIS":          1,
   "saved": true,
   "converged": false
   }, {
   "iteration":          8,
   "energy": -0.753870490022640E+02,
   "delta_energy_SCF": -0.110144782183852E-07,
   "max_error_DIIS":  0.625266044130458E-04,
   "level_shift":  0.125000000000000E+00,
   "dim_DIIS":          2,
   "saved": true,
   "converged": false
   }, {
   "iteration":          9,
   "energy": -0.753870490064791E+02,
   "delta_energy_SCF": -0.421506740622135E-08,
   "max_error_DIIS":  0.325569417263267E-04,
   "level_shift":  0.625000000000000E-01,
   "dim_DIIS":          3,
   "saved": true,
   "converged": false
   }, {
   "iteration":         10,
   "energy": -0.753870490076723E+02,
   "delta_energy_SCF": -0.119317178359779E-08,
   "max_error_DIIS":  0.154693810511468E-04,
   "level_shift":  0.312500000000000E-01,
   "dim_DIIS":          4,
   "saved": true,
   "converged": false
   }, {
   "iteration":         11,
   "energy": -0.753870490079426E+02,
   "delta_energy_SCF": -0.270290456683142E-09,
   "max_error_DIIS":  0.691257710540800E-05,
   "level_shift":  0.156250000000000E-01,
   "dim_DIIS":          5,
   "saved": true,
   "converged": false
   }, {
   "iteration":         12,
   "energy": -0.753870490079962E+02,
   "delta_energy_SCF": -0.536601874046028E-10,
   "max_error_DIIS":  0.298658076312539E-05,
   "level_shift":  0.781250000000000E-02,
   "dim_DIIS":          6,
   "saved": true,
   "converged": true
   }
   ]
}
