{
   "scf": [
   {
   "iteration":          1,
   "energy": -0.753446178853355E+02,
   "delta_energy_SCF": -0.868808682952121E+00,
   "max_error_DIIS":  0.145729274378455E+00,
   "level_shift":  0.000000000000000E+00,
   "dim_DIIS":          1,
   "saved": true,
   "converged": false
   }, {
   "iteration":          2,
   "energy": -0.753859173211806E+02,
   "delta_energy_SCF": -0.412994358451613E-01,
   "max_error_DIIS":  0.331023777365452E-01,
   "level_shift":  0.000000000000000E+00,
   "dim_DIIS":          2,
   "saved": true,
   "converged": false
   }, {
   "iteration":          3,
   "energy": -0.753869747668504E+02,
   "delta_energy_SCF": -0.105744566982935E-02,
   "max_error_DIIS":  0.827425868930212E-02,
   "level_shift":  0.000000000000000E+00,
   "dim_DIIS":          3,
   "saved": true,
   "converged": false
   }, {
   "iteration":          4,
   "energy": -0.753870479046202E+02,
   "delta_energy_SCF": -0.731377697462676E-04,
   "max_error_DIIS":  0.990570050224622E-03,
   "level_shift":  0.000000000000000E+00,
   "dim_DIIS":          4,
   "saved": true,
   "converged": false
   }, {
   "iteration":          5,
   "energy": -0.753870489143254E+02,
   "delta_energy_SCF": -0.100970517280530E-05,
   "max_error_DIIS":  0.236754919506603E-03,
   "level_shift":  0.000000000000000E+00,
   "dim_DIIS":          5,
   "saved": true,
   "converged": false
   }, {
   "iteration":          6,
   "energy": -0.753870489703699E+02,
   "delta_energy_SCF": -0.560445698738476E-07,
   "max_error_DIIS":  0.231003252656037E-03,
   "level_shift":  0.500000000000000E+00,
   "dim_DIIS":          0,
   "saved": true,
   "converged": false
   }, {
   "iteration":          7,
   "energy": -0.753870489912497E+02,
   "delta_energy_SCF": -0.208797246159520E-07,
   "max_error_DIIS":  0.105666689377699E-03,
   "level_shift":  0.250000000000000E+00,
   "dim_DIIS":          1,
   "saved": true,
   "converged": false
   }, {
   "iteration":          8,
   "energy": -0.753870490022640E+02,
   "delta_energy_SCF": -0.110143361098380E-07,
   "max_error_DIIS":  0.625266043997002E-04,
   "level_shift":  0.125000000000000E+00,
   "dim_DIIS":          2,
   "saved": true,
   "converged": false
   }, {
   "iteration":          9,
   "energy": -0.753870490064793E+02,
   "delta_energy_SCF": -0.421530899075151E-08,
   "max_error_DIIS":  0.325569417433507E-04,
   "level_shift":  0.625000000000000E-01,
   "dim_DIIS":          3,
   "saved": true,
   "converged": false
   }, {
   "iteration":         10,
   "energy": -0.753870490076725E+02,
   "delta_energy_SCF": -0.119317178359779E-08,
   "max_error_DIIS":  0.154693810349351E-04,
   "level_shift":  0.312500000000000E-01,
   "dim_DIIS":          4,
   "saved": true,
   "converged": false
   }, {
   "iteration":         11,
   "energy": -0.753870490079428E+02,
   "delta_energy_SCF": -0.270347300102003E-09,
   "max_error_DIIS":  0.691257711278818E-05,
   "level_shift":  0.156250000000000E-01,
   "dim_DIIS":          5,
   "saved": true,
   "converged": false
   }, {
   "iteration":         12,
   "energy": -0.753870490079964E+02,
   "delta_energy_SCF": -0.536033439857420E-10,
   "max_error_DIIS":  0.298658075369242E-05,
   "level_shift":  0.781250000000000E-02,
   "dim_DIIS":          6,
   "saved": true,
   "converged": true
   }
   ]
}
