{
   "scf": [
   {
   "iteration":          1,
   "energy": -0.753446178853354E+02,
   "delta_energy_SCF": -0.868808682952107E+00,
   "max_error_DIIS":  0.145729274344136E+00,
   "level_shift":  0.000000000000000E+00,
   "dim_DIIS":          1,
   "saved": true,
   "converged": false
   }, {
   "iteration":          2,
   "energy": -0.753859173211806E+02,
   "delta_energy_SCF": -0.412994358451328E-01,
   "max_error_DIIS":  0.331023777365747E-01,
   "level_shift":  0.000000000000000E+00,
   "dim_DIIS":          2,
   "saved": true,
   "converged": false
   }, {
   "iteration":          3,
   "energy": -0.753869747668505E+02,
   "delta_energy_SCF": -0.105744566988619E-02,
   "max_error_DIIS":  0.827425868927817E-02,
   "level_shift":  0.000000000000000E+00,
   "dim_DIIS":          3,
   "saved": true,
   "converged": false
   }, {
   "iteration":          4,
   "energy": -0.753870479046202E+02,
   "delta_energy_SCF": -0.731377697462676E-04,
   "max_error_DIIS":  0.990570050229573E-03,
   "level_shift":  0.000000000000000E+00,
   "dim_DIIS":          4,
   "saved": true,
   "converged": false
   }, {
   "iteration":          5,
   "energy": -0.753870489143254E+02,
   "delta_energy_SCF": -0.100970524385957E-05,
   "max_error_DIIS":  0.236754919686503E-03,
   "level_shift":  0.000000000000000E+00,
   "dim_DIIS":          5,
   "saved": true,
   "converged": false
   }, {
   "iteration":          6,
   "energy": -0.753870489703700E+02,
   "delta_energy_SCF": -0.560445556629929E-07,
   "max_error_DIIS":  0.231003252838025E-03,
   "level_shift":  0.500000000000000E+00,
   "dim_DIIS":          0,
   "saved": true,
   "converged": false
   }, {
   "iteration":          7,
   "energy": -0.753870489912497E+02,
   "delta_energy_SCF": -0.208796819833879E-07,
   "max_error_DIIS":  0.105666689354558E-03,
   "level_shift":  0.250000000000000E+00,
   "dim_DIIS":          1,
   "saved": true,
   "converged": false
   }, {
   "iteration":          8,
   "energy": -0.753870490022640E+02,
   "delta_energy_SCF": -0.110143218989833E-07,
   "max_error_DIIS":  0.625266043866144E-04,
   "level_shift":  0.125000000000000E+00,
   "dim_DIIS":          2,
   "saved": true,
   "converged": false
   }, {
   "iteration":          9,
   "energy": -0.753870490064791E+02,
   "delta_energy_SCF": -0.421511003878550E-08,
   "max_error_DIIS":  0.325569417426347E-04,
   "level_shift":  0.625000000000000E-01,
   "dim_DIIS":          3,
   "saved": true,
   "converged": false
   }, {
   "iteration":         10,
   "energy": -0.753870490076723E+02,
   "delta_energy_SCF": -0.119321441616194E-08,
   "max_error_DIIS":  0.154693810345706E-04,
   "level_shift":  0.312500000000000E-01,
   "dim_DIIS":          4,
   "saved": true,
   "converged": false
   }, {
   "iteration":         11,
   "energy": -0.753870490079427E+02,
   "delta_energy_SCF": -0.270318878392573E-09,
   "max_error_DIIS":  0.691257711716903E-05,
   "level_shift":  0.156250000000000E-01,
   "dim_DIIS":          5,
   "saved": true,
   "converged": false
   }, {
   "iteration":         12,
   "energy": -0.753870490079962E+02,
   "delta_energy_SCF": -0.535465005668812E-10,
   "max_error_DIIS":  0.298658075708719E-05,
   "level_shift":  0.781250000000000E-02,
   "dim_DIIS":          6,
   "saved": true,
   "converged": true
   }
   ]
}
