{
   "scf": [
   {
   "iteration":          1,
   "energy": -0.753446178853354E+02,
   "delta_energy_SCF": -0.868808682952078E+00,
   "max_error_DIIS":  0.145729274166581E+00,
   "level_shift":  0.000000000000000E+00,
   "dim_DIIS":          1,
   "saved": true,
   "converged": false
   }, {
   "iteration":          2,
   "energy": -0.753859173211806E+02,
   "delta_energy_SCF": -0.412994358451471E-01,
   "max_error_DIIS":  0.331023777366263E-01,
   "level_shift":  0.000000000000000E+00,
   "dim_DIIS":          2,
   "saved": true,
   "converged": false
   }, {
   "iteration":          3,
   "energy": -0.753869747668505E+02,
   "delta_energy_SCF": -0.105744566992882E-02,
   "max_error_DIIS":  0.827425868925477E-02,
   "level_shift":  0.000000000000000E+00,
   "dim_DIIS":          3,
   "saved": true,
   "converged": false
   }, {
   "iteration":          4,
   "energy": -0.753870479046201E+02,
   "delta_energy_SCF": -0.731377696325808E-04,
   "max_error_DIIS":  0.990570050220725E-03,
   "level_shift":  0.000000000000000E+00,
   "dim_DIIS":          4,
   "saved": true,
   "converged": false
   }, {
   "iteration":          5,
   "energy": -0.753870489143254E+02,
   "delta_energy_SCF": -0.100970531491384E-05,
   "max_error_DIIS":  0.236754919611027E-03,
   "level_shift":  0.000000000000000E+00,
   "dim_DIIS":          5,
   "saved": true,
   "converged": false
   }, {
   "iteration":          6,
   "energy": -0.753870489703699E+02,
   "delta_energy_SCF": -0.560444846087194E-07,
   "max_error_DIIS":  0.231003252718707E-03,
   "level_shift":  0.500000000000000E+00,
   "dim_DIIS":          0,
   "saved": true,
   "converged": false
   }, {
   "iteration":          7,
   "energy": -0.753870489912496E+02,
   "delta_energy_SCF": -0.208797104050973E-07,
   "max_error_DIIS":  0.105666689366861E-03,
   "level_shift":  0.250000000000000E+00,
   "dim_DIIS":          1,
   "saved": true,
   "converged": false
   }, {
   "iteration":          8,
   "energy": -0.753870490022640E+02,
   "delta_energy_SCF": -0.110143361098380E-07,
   "max_error_DIIS":  0.625266043929922E-04,
   "level_shift":  0.125000000000000E+00,
   "dim_DIIS":          2,
   "saved": true,
   "converged": false
   }, {
   "iteration":          9,
   "energy": -0.753870490064792E+02,
   "delta_energy_SCF": -0.421520951476850E-08,
   "max_error_DIIS":  0.325569417452251E-04,
   "level_shift":  0.625000000000000E-01,
   "dim_DIIS":          3,
   "saved": true,
   "converged": false
   }, {
   "iteration":         10,
   "energy": -0.753870490076724E+02,
   "delta_energy_SCF": -0.119318599445251E-08,
   "max_error_DIIS":  0.154693810383695E-04,
   "level_shift":  0.312500000000000E-01,
   "dim_DIIS":          4,
   "saved": true,
   "converged": false
   }, {
   "iteration":         11,
   "energy": -0.753870490079427E+02,
   "delta_energy_SCF": -0.270389932666149E-09,
   "max_error_DIIS":  0.691257711568199E-05,
   "level_shift":  0.156250000000000E-01,
   "dim_DIIS":          5,
   "saved": true,
   "converged": false
   }, {
   "iteration":         12,
   "energy": -0.753870490079964E+02,
   "delta_energy_SCF": -0.536175548404572E-10,
   "max_error_DIIS":  0.298658074303952E-05,
   "level_shift":  0.781250000000000E-02,
   "dim_DIIS":          6,
   "saved": true,
   "converged": true
   }
   ]
}
