{
   "scf": [
   {
   "iteration":          1,
   "energy": -0.753446178853354E+02,
   "delta_energy_SCF": -0.868808682951993E+00,
   "max_error_DIIS":  0.145729272097352E+00,
   "level_shift":  0.000000000000000E+00,
   "dim_DIIS":          1,
   "saved": true,
   "converged": false
   }, {
   "iteration":          2,
   "energy": -0.753859173211806E+02,
   "delta_energy_SCF": -0.412994358451471E-01,
   "max_error_DIIS":  0.331023777365903E-01,
   "level_shift":  0.000000000000000E+00,
   "dim_DIIS":          2,
   "saved": true,
   "converged": false
   }, {
   "iteration":          3,
   "energy": -0.753869747668505E+02,
   "delta_energy_SCF": -0.105744566991461E-02,
   "max_error_DIIS":  0.827425868923588E-02,
   "level_shift":  0.000000000000000E+00,
   "dim_DIIS":          3,
   "saved": true,
   "converged": false
   }, {
   "iteration":          4,
   "energy": -0.753870479046203E+02,
   "delta_energy_SCF": -0.731377698031110E-04,
   "max_error_DIIS":  0.990570050229096E-03,
   "level_shift":  0.000000000000000E+00,
   "dim_DIIS":          4,
   "saved": true,
   "converged": false
   }, {
   "iteration":          5,
   "energy": -0.753870489143254E+02,
   "delta_energy_SCF": -0.100970513017273E-05,
   "max_error_DIIS":  0.236754919758424E-03,
   "level_shift":  0.000000000000000E+00,
   "dim_DIIS":          5,
   "saved": true,
   "converged": false
   }, {
   "iteration":          6,
   "energy": -0.753870489703700E+02,
   "delta_energy_SCF": -0.560445840847024E-07,
   "max_error_DIIS":  0.231003252972608E-03,
   "level_shift":  0.500000000000000E+00,
   "dim_DIIS":          0,
   "saved": true,
   "converged": false
   }, {
   "iteration":          7,
   "energy": -0.753870489912496E+02,
   "delta_energy_SCF": -0.208795967182596E-07,
   "max_error_DIIS":  0.105666689368419E-03,
   "level_shift":  0.250000000000000E+00,
   "dim_DIIS":          1,
   "saved": true,
   "converged": false
   }, {
   "iteration":          8,
   "energy": -0.753870490022639E+02,
   "delta_energy_SCF": -0.110143503206928E-07,
   "max_error_DIIS":  0.625266043881566E-04,
   "level_shift":  0.125000000000000E+00,
   "dim_DIIS":          2,
   "saved": true,
   "converged": false
   }, {
   "iteration":          9,
   "energy": -0.753870490064791E+02,
   "delta_energy_SCF": -0.421513846049493E-08,
   "max_error_DIIS":  0.325569417566284E-04,
   "level_shift":  0.625000000000000E-01,
   "dim_DIIS":          3,
   "saved": true,
   "converged": false
   }, {
   "iteration":         10,
   "energy": -0.753870490076723E+02,
   "delta_energy_SCF": -0.119322862701665E-08,
   "max_error_DIIS":  0.154693810425905E-04,
   "level_shift":  0.312500000000000E-01,
   "dim_DIIS":          4,
   "saved": true,
   "converged": false
   }, {
   "iteration":         11,
   "energy": -0.753870490079427E+02,
   "delta_energy_SCF": -0.270361510956718E-09,
   "max_error_DIIS":  0.691257710515997E-05,
   "level_shift":  0.156250000000000E-01,
   "dim_DIIS":          5,
   "saved": true,
   "converged": false
   }, {
   "iteration":         12,
   "energy": -0.753870490079963E+02,
   "delta_energy_SCF": -0.536459765498876E-10,
   "max_error_DIIS":  0.298658076580767E-05,
   "level_shift":  0.781250000000000E-02,
   "dim_DIIS":          6,
   "saved": true,
   "converged": true
   }
   ]
}
