{
   "scf": [
   {
   "iteration":          1,
   "energy": -0.753446178853354E+02,
   "delta_energy_SCF": -0.868808682951922E+00,
   "max_error_DIIS":  0.145729271923972E+00,
   "level_shift":  0.000000000000000E+00,
   "dim_DIIS":          1,
   "saved": true,
   "converged": false
   }, {
   "iteration":          2,
   "energy": -0.753859173211805E+02,
   "delta_energy_SCF": -0.412994358451897E-01,
   "max_error_DIIS":  0.331023777366274E-01,
   "level_shift":  0.000000000000000E+00,
   "dim_DIIS":          2,
   "saved": true,
   "converged": false
   }, {
   "iteration":          3,
   "energy": -0.753869747668505E+02,
   "delta_energy_SCF": -0.105744566994304E-02,
   "max_error_DIIS":  0.827425868924973E-02,
   "level_shift":  0.000000000000000E+00,
   "dim_DIIS":          3,
   "saved": true,
   "converged": false
   }, {
   "iteration":          4,
   "energy": -0.753870479046203E+02,
   "delta_energy_SCF": -0.731377697746893E-04,
   "max_error_DIIS":  0.990570050228012E-03,
   "level_shift":  0.000000000000000E+00,
   "dim_DIIS":          4,
   "saved": true,
   "converged": false
   }, {
   "iteration":          5,
   "energy": -0.753870489143254E+02,
   "delta_energy_SCF": -0.100970518701615E-05,
   "max_error_DIIS":  0.236754919648296E-03,
   "level_shift":  0.000000000000000E+00,
   "dim_DIIS":          5,
   "saved": true,
   "converged": false
   }, {
   "iteration":          6,
   "energy": -0.753870489703701E+02,
   "delta_energy_SCF": -0.560446125064118E-07,
   "max_error_DIIS":  0.231003252761456E-03,
   "level_shift":  0.500000000000000E+00,
   "dim_DIIS":          0,
   "saved": true,
   "converged": false
   }, {
   "iteration":          7,
   "energy": -0.753870489912498E+02,
   "delta_energy_SCF": -0.208796961942426E-07,
   "max_error_DIIS":  0.105666689359779E-03,
   "level_shift":  0.250000000000000E+00,
   "dim_DIIS":          1,
   "saved": true,
   "converged": false
   }, {
   "iteration":          8,
   "energy": -0.753870490022642E+02,
   "delta_energy_SCF": -0.110144213749663E-07,
   "max_error_DIIS":  0.625266043951587E-04,
   "level_shift":  0.125000000000000E+00,
   "dim_DIIS":          2,
   "saved": true,
   "converged": false
   }, {
   "iteration":          9,
   "energy": -0.753870490064794E+02,
   "delta_energy_SCF": -0.421523793647793E-08,
   "max_error_DIIS":  0.325569417361244E-04,
   "level_shift":  0.625000000000000E-01,
   "dim_DIIS":          3,
   "saved": true,
   "converged": false
   }, {
   "iteration":         10,
   "energy": -0.753870490076727E+02,
   "delta_energy_SCF": -0.119324283787137E-08,
   "max_error_DIIS":  0.154693810375206E-04,
   "level_shift":  0.312500000000000E-01,
   "dim_DIIS":          4,
   "saved": true,
   "converged": false
   }, {
   "iteration":         11,
   "energy": -0.753870490079429E+02,
   "delta_energy_SCF": -0.270262034973712E-09,
   "max_error_DIIS":  0.691257711499393E-05,
   "level_shift":  0.156250000000000E-01,
   "dim_DIIS":          5,
   "saved": true,
   "converged": false
   }, {
   "iteration":         12,
   "energy": -0.753870490079966E+02,
   "delta_energy_SCF": -0.536886091140332E-10,
   "max_error_DIIS":  0.298658076052643E-05,
   "level_shift":  0.781250000000000E-02,
   "dim_DIIS":          6,
   "saved": true,
   "converged": true
   }
   ]
}
