{
   "scf": [
   {
   "iteration":          1,
   "energy": -0.753446178853354E+02,
   "delta_energy_SCF": -0.868808682952007E+00,
   "max_error_DIIS":  0.145729271591543E+00,
   "level_shift":  0.000000000000000E+00,
   "dim_DIIS":          1,
   "saved": true,
   "converged": false
   }, {
   "iteration":          2,
   "energy": -0.753859173211806E+02,
   "delta_energy_SCF": -0.412994358452323E-01,
   "max_error_DIIS":  0.331023777366113E-01,
   "level_shift":  0.000000000000000E+00,
   "dim_DIIS":          2,
   "saved": true,
   "converged": false
   }, {
   "iteration":          3,
   "energy": -0.753869747668505E+02,
   "delta_energy_SCF": -0.105744566981514E-02,
   "max_error_DIIS":  0.827425868927289E-02,
   "level_shift":  0.000000000000000E+00,
   "dim_DIIS":          3,
   "saved": true,
   "converged": false
   }, {
   "iteration":          4,
   "energy": -0.753870479046202E+02,
   "delta_energy_SCF": -0.731377697320568E-04,
   "max_error_DIIS":  0.990570050226998E-03,
   "level_shift":  0.000000000000000E+00,
   "dim_DIIS":          4,
   "saved": true,
   "converged": false
   }, {
   "iteration":          5,
   "energy": -0.753870489143254E+02,
   "delta_energy_SCF": -0.100970521543786E-05,
   "max_error_DIIS":  0.236754919610941E-03,
   "level_shift":  0.000000000000000E+00,
   "dim_DIIS":          5,
   "saved": true,
   "converged": false
   }, {
   "iteration":          6,
   "energy": -0.753870489703699E+02,
   "delta_energy_SCF": -0.560445272412835E-07,
   "max_error_DIIS":  0.231003252692420E-03,
   "level_shift":  0.500000000000000E+00,
   "dim_DIIS":          0,
   "saved": true,
   "converged": false
   }, {
   "iteration":          7,
   "energy": -0.753870489912495E+02,
   "delta_energy_SCF": -0.208795540856954E-07,
   "max_error_DIIS":  0.105666689363002E-03,
   "level_shift":  0.250000000000000E+00,
   "dim_DIIS":          1,
   "saved": true,
   "converged": false
   }, {
   "iteration":          8,
   "energy": -0.753870490022639E+02,
   "delta_energy_SCF": -0.110144213749663E-07,
   "max_error_DIIS":  0.625266043926908E-04,
   "level_shift":  0.125000000000000E+00,
   "dim_DIIS":          2,
   "saved": true,
   "converged": false
   }, {
   "iteration":          9,
   "energy": -0.753870490064790E+02,
   "delta_energy_SCF": -0.421506740622135E-08,
   "max_error_DIIS":  0.325569417613136E-04,
   "level_shift":  0.625000000000000E-01,
   "dim_DIIS":          3,
   "saved": true,
   "converged": false
   }, {
   "iteration":         10,
   "energy": -0.753870490076722E+02,
   "delta_energy_SCF": -0.119321441616194E-08,
   "max_error_DIIS":  0.154693810338190E-04,
   "level_shift":  0.312500000000000E-01,
   "dim_DIIS":          4,
   "saved": true,
   "converged": false
   }, {
   "iteration":         11,
   "energy": -0.753870490079425E+02,
   "delta_energy_SCF": -0.270347300102003E-09,
   "max_error_DIIS":  0.691257711029230E-05,
   "level_shift":  0.156250000000000E-01,
   "dim_DIIS":          5,
   "saved": true,
   "converged": false
   }, {
   "iteration":         12,
   "energy": -0.753870490079962E+02,
   "delta_energy_SCF": -0.536459765498876E-10,
   "max_error_DIIS":  0.298658074771601E-05,
   "level_shift":  0.781250000000000E-02,
   "dim_DIIS":          6,
   "saved": true,
   "converged": true
   }
   ]
}
