{
   "scf": [
   {
   "iteration":          1,
   "energy": -0.753446178853354E+02,
   "delta_energy_SCF": -0.868808682951922E+00,
   "max_error_DIIS":  0.145729271923971E+00,
   "level_shift":  0.000000000000000E+00,
   "dim_DIIS":          1,
   "saved": true,
   "converged": false
   }, {
   "iteration":          2,
   "energy": -0.753859173211804E+02,
   "delta_energy_SCF": -0.412994358450902E-01,
   "max_error_DIIS":  0.331023777366359E-01,
   "level_shift":  0.000000000000000E+00,
   "dim_DIIS":          2,
   "saved": true,
   "converged": false
   }, {
   "iteration":          3,
   "energy": -0.753869747668503E+02,
   "delta_energy_SCF": -0.105744566981514E-02,
   "max_error_DIIS":  0.827425868925528E-02,
   "level_shift":  0.000000000000000E+00,
   "dim_DIIS":          3,
   "saved": true,
   "converged": false
   }, {
   "iteration":          4,
   "energy": -0.753870479046201E+02,
   "delta_energy_SCF": -0.731377698173219E-04,
   "max_error_DIIS":  0.990570050230130E-03,
   "level_shift":  0.000000000000000E+00,
   "dim_DIIS":          4,
   "saved": true,
   "converged": false
   }, {
   "iteration":          5,
   "energy": -0.753870489143252E+02,
   "delta_energy_SCF": -0.100970517280530E-05,
   "max_error_DIIS":  0.236754919564752E-03,
   "level_shift":  0.000000000000000E+00,
   "dim_DIIS":          5,
   "saved": true,
   "converged": false
   }, {
   "iteration":          6,
   "energy": -0.753870489703698E+02,
   "delta_energy_SCF": -0.560445840847024E-07,
   "max_error_DIIS":  0.231003252694039E-03,
   "level_shift":  0.500000000000000E+00,
   "dim_DIIS":          0,
   "saved": true,
   "converged": false
   }, {
   "iteration":          7,
   "energy": -0.753870489912496E+02,
   "delta_energy_SCF": -0.208797246159520E-07,
   "max_error_DIIS":  0.105666689385008E-03,
   "level_shift":  0.250000000000000E+00,
   "dim_DIIS":          1,
   "saved": true,
   "converged": false
   }, {
   "iteration":          8,
   "energy": -0.753870490022639E+02,
   "delta_energy_SCF": -0.110143645315475E-07,
   "max_error_DIIS":  0.625266044153997E-04,
   "level_shift":  0.125000000000000E+00,
   "dim_DIIS":          2,
   "saved": true,
   "converged": false
   }, {
   "iteration":          9,
   "energy": -0.753870490064791E+02,
   "delta_energy_SCF": -0.421515267134964E-08,
   "max_error_DIIS":  0.325569417471904E-04,
   "level_shift":  0.625000000000000E-01,
   "dim_DIIS":          3,
   "saved": true,
   "converged": false
   }, {
   "iteration":         10,
   "energy": -0.753870490076722E+02,
   "delta_energy_SCF": -0.119317178359779E-08,
   "max_error_DIIS":  0.154693810459423E-04,
   "level_shift":  0.312500000000000E-01,
   "dim_DIIS":          4,
   "saved": true,
   "converged": false
   }, {
   "iteration":         11,
   "energy": -0.753870490079426E+02,
   "delta_energy_SCF": -0.270389932666149E-09,
   "max_error_DIIS":  0.691257710308412E-05,
   "level_shift":  0.156250000000000E-01,
   "dim_DIIS":          5,
   "saved": true,
   "converged": false
   }, {
   "iteration":         12,
   "energy": -0.753870490079963E+02,
   "delta_energy_SCF": -0.536175548404572E-10,
   "max_error_DIIS":  0.298658076692845E-05,
   "level_shift":  0.781250000000000E-02,
   "dim_DIIS":          6,
   "saved": true,
   "converged": true
   }
   ]
}
